{
  "name": "byfn-network-org2-only",
  "type": "hlfv1",
  "mspID": "Org2MSP",
  "peers": [
    {
      "requestURL": "grpcs://localhost:8051",
      "eventURL": "grpcs://localhost:8053",
      "cert": "../../artifacts/channel/crypto-config/peerOrganizations/org2.example.com/peers/peer0.org2.example.com/tls/ca.crt",
      "hostnameOverride": "peer0.org2.example.com"
    }
  ],
  "ca": {
    "url": "https://localhost:8054",
    "name": "ca.org2.example.com",
    "cert": "../../artifacts/channel/crypto-config/peerOrganizations/org2.example.com/peers/peer0.org2.example.com/tls/ca.crt",
    "hostnameOverride": "ca.org2.example.com"
  },
  "orderers": [
    {
      "url" : "grpcs://localhost:7050",
      "cert" : "../../artifacts/channel/crypto-config/ordererOrganizations/example.com/orderers/orderer.example.com/tls/ca.crt",
      "hostnameOverride": "orderer.example.com"
    }
  ],
  "channel": "mychannel",
  "timeout": 300
}